Metric,SpatialGlue_HT_S1
Silhouette Coefficient,0.14650894701480865
Calinski-Harabaz Index,893.9681437116152
Davies-Bouldin Index,1.672749001651372
Moran Index,0.44779909414661073
Geary C,0.5536602287621385
